,distribution,stand
0,1.0,0.016666999999999998
1,0.9986532315638242,0.040650333
2,0.9959820782254111,0.06463366599999999
3,0.9917829311082623,0.088616999
4,0.9859414036168034,0.112600332
5,0.9783051110677757,0.136583665
6,0.9688492926901722,0.160566998
7,0.9574760274113712,0.18455033099999998
8,0.9442225487413665,0.20853366399999998
9,0.9293494476617018,0.23251699699999998
10,0.9130008501770146,0.25650033
11,0.895492207802124,0.280483663
12,0.8771396335703252,0.304466996
13,0.8583818752818116,0.328450329
14,0.8394303311802888,0.352433662
15,0.820553385046795,0.376416995
16,0.8020352709569979,0.40040032799999997
17,0.7839248714556446,0.42438366099999997
18,0.7662998578852211,0.44836699399999996
19,0.7491573011826977,0.47235032699999996
20,0.7325256425910714,0.49633365999999995
21,0.7163284204677826,0.520316993
22,0.7005014228138106,0.544300326
23,0.6851645063175728,0.568283659
24,0.6702331918057034,0.592266992
25,0.6557877630704817,0.616250325
26,0.6419001648786743,0.640233658
27,0.6287222203194861,0.664216991
28,0.6163227117432691,0.688200324
29,0.6048200953492975,0.712183657
30,0.594326854486695,0.73616699
31,0.5848592269135449,0.760150323
32,0.5765437637961098,0.784133656
33,0.5693379900175614,0.808116989
34,0.5631365134681344,0.832100322
35,0.5577931851685901,0.8560836549999999
36,0.5532239739847747,0.8800669879999999
37,0.5491478985440481,0.9040503209999999
38,0.5452587752721506,0.9280336539999999
39,0.5413759776759145,0.9520169869999999
40,0.5371850469330973,0.9760003199999999
41,0.5324311337841603,0.9999836529999999
42,0.5269027643346372,1.023966986
43,0.5205355583551279,1.047950319
44,0.5132369239053031,1.071933652
45,0.5049730235452411,1.095916985
46,0.49586298720050115,1.119900318
47,0.4859957520077425,1.143883651
48,0.47550040188269255,1.167866984
49,0.4644983997880379,1.1918503169999999
50,0.45323297711325256,1.21583365
51,0.4417848616797526,1.2398169829999999
52,0.43024706308604327,1.263800316
53,0.4187527659528438,1.2877836489999999
54,0.4073557691009546,1.311766982
55,0.39606593998324585,1.3357503149999999
56,0.38489255556166,1.359733648
57,0.373885713860272,1.3837169809999998
58,0.3630122878082761,1.407700314
59,0.35223372101255457,1.4316836469999998
60,0.34160500761518964,1.45566698
61,0.33109486613629463,1.4796503129999998
62,0.3207079535320163,1.503633646
63,0.31045444216263324,1.5276169789999998
64,0.3004118790427009,1.551600312
65,0.2906068898447206,1.575583645
66,0.28106421713426266,1.599566978
67,0.2718710070936877,1.623550311
68,0.2630662581768807,1.647533644
69,0.2546867725629436,1.671516977
70,0.2467412383087751,1.69550031
71,0.2393263798853832,1.719483643
72,0.23240330902756878,1.743466976
73,0.22594824806399863,1.767450309
74,0.21996915990114663,1.7914336419999999
75,0.2144163944567923,1.815416975
76,0.2092048965742014,1.8394003079999999
77,0.20431203764093686,1.863383641
78,0.19964027798375128,1.8873669739999999
79,0.19512143426727477,1.911350307
80,0.19066478143317114,1.9353336399999999
81,0.18625910374844945,1.959316973
82,0.18184083629190315,1.9833003059999998
83,0.17737143919260911,2.007283639
84,0.1728971633621821,2.031266972
85,0.1684235519628964,2.055250305
86,0.16398190570677312,2.079233638
87,0.1596217378831241,2.1032169709999997
88,0.15541241919496143,2.127200304
89,0.15139819128231705,2.151183637
90,0.1475955019662968,2.17516697
91,0.14408048880139016,2.1991503029999997
92,0.14083715193567636,2.223133636
93,0.13785955138014466,2.247116969
94,0.1351280477666835,2.271100302
95,0.13263002686473546,2.2950836349999997
96,0.13033059089406315,2.319066968
97,0.12816954990555943,2.343050301
98,0.12613371243086124,2.3670336339999998
99,0.1241715548100528,2.391016967
100,0.12224511709599548,2.4150003
101,0.12031654013435254,2.438983633
102,0.11838392410428701,2.4629669659999998
103,0.11641893056485618,2.486950299
104,0.11440301199444068,2.510933632
105,0.11235351589376288,2.534916965
106,0.11027301499326012,2.5589002979999997
107,0.10816951034253981,2.582883631
108,0.10606212819247568,2.606866964
109,0.10398326491680361,2.630850297
110,0.10195523701617222,2.6548336299999997
111,0.09998652424348983,2.678816963
112,0.09813198857842474,2.702800296
113,0.09639267413971073,2.726783629
114,0.09477966756561261,2.7507669619999997
115,0.09329808873903021,2.774750295
116,0.09195471973204587,2.798733628
117,0.09074065548848896,2.822716961
118,0.08962331029728192,2.8467002939999997
119,0.08858914875433369,2.870683627
120,0.08760152887410518,2.89466696
121,0.08662332350314741,2.918650293
122,0.0856138434595629,2.9426336259999997
123,0.08455896471011144,2.966616959
124,0.08342861155231099,2.990600292
125,0.0822001630182173,3.0145836249999998
126,0.08088362676961981,3.0385669579999997
127,0.0794868798847019,3.062550291
128,0.07802434269819496,3.086533624
129,0.07652490103859175,3.1105169569999997
130,0.07502860315713099,3.13450029
131,0.07357111994729712,3.158483623
132,0.07217661011531637,3.182466956
133,0.07089625267844697,3.2064502889999997
134,0.06974868107010718,3.230433622
135,0.06875073160833962,3.254416955
136,0.06791379769575055,3.278400288
137,0.06724718438486527,3.3023836209999997
138,0.06674846879978188,3.326366954
139,0.06639240652855688,3.350350287
140,0.06616880051751267,3.37433362
141,0.06605001459256778,3.3983169529999997
142,0.06599889274031039,3.422300286
143,0.06599778073546432,3.446283619
144,0.06600994174289398,3.470266952
145,0.0660126340211394,3.4942502849999997
146,0.06598032075390721,3.518233618
147,0.06590684723193183,3.542216951
148,0.06578586402826372,3.5662002839999998
149,0.06561069389803469,3.5901836169999997
150,0.06539488251368955,3.61416695
151,0.06514759914101731,3.638150283
152,0.06487952260399286,3.6621336159999998
153,0.06459998422744172,3.6861169489999996
154,0.06433539323161382,3.710100282
155,0.06408796842774213,3.734083615
156,0.06385888330933208,3.7580669479999997
157,0.0636528218029768,3.7820502809999996
158,0.06346543195894797,3.806033614
159,0.06327746482631791,3.830016947
160,0.06307146789450647,3.8540002799999997
161,0.06282940479282623,3.877983613
162,0.06252408030248564,3.901966946
163,0.062126437842541245,3.925950279
164,0.06162356460559024,3.9499336119999997
165,0.06099792930527106,3.973916945
166,0.060239350279755605,3.997900278
167,0.059351487620982676,4.021883611
168,0.05835264425778789,4.045866944
169,0.057266609247075204,4.069850277
170,0.056118682638879626,4.09383361
171,0.05495013065466778,4.117816943
172,0.05379799732597013,4.141800276
173,0.05269485084273324,4.165783609
174,0.05166735184870802,4.189766941999999
175,0.05074903409377474,4.213750275
176,0.04994702581118085,4.237733608
177,0.049262785554982015,4.2617169409999995
178,0.048694076919751375,4.285700274
179,0.04823143792263244,4.309683607
180,0.04784842109979245,4.33366694
181,0.04752308563380196,4.357650273
182,0.0472386312912962,4.381633605999999
183,0.046969888250877126,4.405616939
184,0.046695584363460725,4.429600272
185,0.04640980087334976,4.4535836049999995
186,0.04610417312298481,4.477566938
187,0.0457756658004818,4.501550271
188,0.04542878348914987,4.525533604
189,0.045077669144333296,4.549516937
190,0.044731682279845565,4.573500269999999
191,0.04439905849408256,4.597483603
192,0.044094026371817335,4.621466936
193,0.04382246578513714,4.6454502689999995
194,0.04358660322558387,4.669433602
195,0.04338233278669661,4.693416935
196,0.04321514892798594,4.717400268
197,0.04307054912915757,4.741383601
198,0.04293566682817099,4.765366934
199,0.04280015211834114,4.789350267
200,0.04264908258217909,4.8133336
201,0.04246123711747423,4.837316932999999
202,0.04221963034958679,4.861300266
203,0.04190998852321692,4.885283599
204,0.041514840145899456,4.9092669319999995
205,0.04101810203092,4.933250265
206,0.04041614477438099,4.957233598
207,0.039702641032090424,4.981216931
208,0.038877589847011305,5.005200264
209,0.03795371695094818,5.029183596999999
210,0.036944842660284784,5.05316693
211,0.03587371341586971,5.077150263
212,0.034763601782611835,5.1011335959999995
213,0.03364643511603587,5.125116929
214,0.032549919215717635,5.149100262
215,0.03149700148056972,5.173083595
216,0.030518349027384484,5.197066928
217,0.029627059430696486,5.221050260999999
218,0.028835619235511086,5.245033594
219,0.028145784720588353,5.269016927
220,0.027556045689087812,5.2930002599999995
221,0.02705761655976881,5.316983593
222,0.02662912487299463,5.340966926
223,0.02625514376307156,5.3649502589999996
224,0.025911386339433577,5.388933592
225,0.025574323723131925,5.412916925
226,0.025222710775496354,5.436900258
227,0.02484592397696457,5.460883591
228,0.024432704351584816,5.484866923999999
229,0.023979504850571286,5.508850257
230,0.023496245944579067,5.53283359
231,0.022995745880314708,5.5568169229999995
232,0.022495548398633384,5.580800256
233,0.022018804137119943,5.604783589
234,0.02159140526139844,5.628766922
235,0.021236167147385007,5.652750255
236,0.020968669986471674,5.676733587999999
237,0.02081076379703695,5.700716921
238,0.02076479198792275,5.724700254
239,0.02082931530609553,5.7486835869999995
240,0.02099504054038874,5.77266692
241,0.021246570997924354,5.796650253
242,0.021561784845268522,5.820633586
243,0.021907827008928023,5.844616919
244,0.022257552133955572,5.868600251999999
245,0.02257720424164855,5.892583585
246,0.02283521005201585,5.916566918
247,0.023004038515036653,5.9405502509999994
248,0.023064962962598305,5.964533584
249,0.023003570945090035,5.988516917
250,0.022813239292694305,6.0125002499999995
251,0.022499651791805766,6.036483583
252,0.022074491099593477,6.060466915999999
253,0.021555923470793287,6.084450249
254,0.020968705528265255,6.108433582
255,0.02034170310048825,6.132416914999999
256,0.01970443105026671,6.156400248
257,0.019082327244877257,6.180383581
258,0.018505332842075894,6.2043669139999995
259,0.017991367755891958,6.228350247
260,0.01755475154202308,6.25233358
261,0.017203256191303147,6.276316913
262,0.01693881141932072,6.300300246
263,0.016756287351065366,6.324283578999999
264,0.016641239294370187,6.348266912
265,0.01657918004627363,6.372250245
266,0.016549210251167023,6.3962335779999995
267,0.016529089104317007,6.420216911
268,0.016496850771559907,6.444200244
269,0.016434720248573412,6.468183577
270,0.01632671835159053,6.49216691
271,0.01616135060401761,6.516150242999999
272,0.015935850383319756,6.540133576
273,0.01565157119682317,6.564116909
274,0.015314709790515638,6.588100241999999
275,0.014936654309606013,6.612083575
276,0.014533744247883581,6.636066908
277,0.014121202583138487,6.6600502409999995
278,0.013713477949128307,6.684033574
279,0.013328568227391892,6.708016906999999
280,0.012975939008070515,6.73200024
281,0.012662417436511706,6.755983573
282,0.01239294118221363,6.779966905999999
283,0.012165739614763537,6.803950239
284,0.011977526826597409,6.827933572
285,0.011818039773628592,6.8519169049999995
286,0.011678602779839741,6.875900238
287,0.01154669732700135,6.899883570999999
288,0.011409582331159008,6.923866904
289,0.01125770028801027,6.947850237
290,0.011080517888909548,6.971833569999999
291,0.01087104132647092,6.995816903
292,0.010625061617623678,7.019800236
293,0.010343143181524605,7.0437835689999995
294,0.01002812803562882,7.067766902
295,0.009684853602590736,7.091750235
296,0.009322956191842301,7.115733568
297,0.008953113164984672,7.139716901
298,0.008586050116661458,7.163700233999999
299,0.008232922211820745,7.187683567
300,0.007908247222003785,7.2116669
301,0.007620005705439709,7.235650232999999
302,0.0073757178843092365,7.259633566
303,0.007181705752174076,7.283616899
304,0.007040533551861273,7.3076002319999995
305,0.006949737268890657,7.331583565
306,0.006905317067553636,7.355566897999999
307,0.006901260708062403,7.379550231
308,0.00692808978929526,7.403533564
309,0.006975216527793354,7.427516896999999
310,0.007033737276354553,7.45150023
311,0.0070941520549376615,7.475483563
312,0.007148619175727899,7.4994668959999995
313,0.0071920386165674,7.523450229
314,0.007223091081479959,7.547433561999999
315,0.007241479792722178,7.571416895
316,0.007248554396401508,7.595400228
317,0.007248276604436361,7.619383560999999
318,0.007243903081405507,7.643366894
319,0.007238426734018823,7.667350227
320,0.007233268388560134,7.6913335599999995
321,0.00723105852599369,7.715316893
322,0.007229701341784973,7.739300226
323,0.007226574277800408,7.763283559
324,0.007218901165168246,7.787266892
325,0.007203044775975268,7.811250224999999
326,0.0071739964479035365,7.835233558
327,0.0071280176394775555,7.859216891
328,0.00706259648370296,7.883200223999999
329,0.006975401557182443,7.907183557
330,0.006864357472220497,7.93116689
331,0.006730643309743062,7.9551502229999995
332,0.006575205321402605,7.979133556
333,0.0064000312578083845,8.003116889
334,0.006208759257094119,8.027100222
335,0.006005931139452744,8.051083555
336,0.005797241476261687,8.075066888
337,0.005587673586453431,8.099050220999999
338,0.00538385442649692,8.123033554
339,0.005192177788282153,8.147016887
340,0.005018591600541726,8.17100022
341,0.004868144518873227,8.194983553
342,0.004747742396418498,8.218966886
343,0.00466044424465118,8.242950218999999
344,0.004608624669530284,8.266933552
345,0.004593661084108001,8.290916885
346,0.004615730776502823,8.314900218
347,0.004671626165684456,8.338883551
348,0.004758105739429787,8.362866883999999
349,0.004869455760508844,8.386850217
350,0.004999317515992855,8.41083355
351,0.00513956354416864,8.434816883
352,0.005283552895001844,8.458800216
353,0.005423488436322277,8.482783549
354,0.005552044290539917,8.506766881999999
355,0.005664839542945392,8.530750215
356,0.005757910244801688,8.554733548
357,0.005828298201550962,8.578716881
358,0.0058758327987922885,8.602700214
359,0.005901791080061247,8.626683546999999
360,0.005908900451833508,8.65066688
361,0.005899932011500861,8.674650213
362,0.0058807769501270785,8.698633546
363,0.005855468849697637,8.722616879
364,0.005828355301104663,8.746600211999999
365,0.005803736596855848,8.770583545
366,0.005785127223098984,8.794566878
367,0.005775453602454097,8.818550211
368,0.005774776149650083,8.842533544
369,0.005784004209861494,8.866516877
370,0.005801738164789394,8.890500209999999
371,0.005825644128621805,8.914483543
372,0.005852837596286695,8.938466876
373,0.005880630264783359,8.962450209
374,0.005905730197738094,8.986433542
375,0.005925049845245894,9.010416874999999
376,0.0059365310738027045,9.034400208
377,0.0059388721829808,9.058383541
378,0.00593087317481469,9.082366874
379,0.005912635943799393,9.106350207
380,0.005885050371001863,9.130333539999999
381,0.005849372986267691,9.154316872999999
382,0.00580648473055442,9.178300206
383,0.005758964419864241,9.202283539
384,0.005708074872102513,9.226266872
385,0.005654876807118362,9.250250205
386,0.005600292722146077,9.274233537999999
387,0.005545418552189071,9.298216871
388,0.005490523906981658,9.322200204
389,0.0054340774345256115,9.346183537
390,0.005376063215703711,9.37016687
391,0.00531518443941538,9.394150202999999
392,0.005250363053394187,9.418133536
393,0.0051804327628675465,9.442116869
394,0.005105990403644426,9.466100202
395,0.005027160581530364,9.490083535
396,0.00494502612961114,9.514066868
397,0.0048621712529109806,9.538050200999999
398,0.004781776256893558,9.562033534
399,0.0047069261180102216,9.586016867
400,0.004641371523410126,9.6100002
401,0.00458893430106469,9.633983533
402,0.004552582304538903,9.657966865999999
403,0.004533446519611323,9.681950199
404,0.004533456583166339,9.705933532
405,0.004551339731601453,9.729916865
406,0.004585247103174802,9.753900198
407,0.004631864720281046,9.777883530999999
408,0.004687371867483049,9.801866863999999
409,0.004747415562534091,9.825850197
410,0.0048057325463447915,9.84983353
411,0.004858092112344696,9.873816863
412,0.00489996730209867,9.897800196
413,0.004927359695514205,9.921783528999999
414,0.0049387362386944245,9.945766862
415,0.0049327216126024654,9.969750195
416,0.004909961779347682,9.993733528
417,0.004872401734297697,10.017716861
418,0.004823718584308221,10.041700193999999
419,0.004768212709147924,10.065683527
420,0.004710276338627901,10.08966686
421,0.004655377325650674,10.113650193
422,0.004608193964812168,10.137633526
423,0.004572350371856603,10.161616859
424,0.004550600425088236,10.185600191999999
425,0.004545352737865874,10.209583525
426,0.0045562243193508324,10.233566858
427,0.0045818795010974,10.257550191
428,0.004619904771059858,10.281533524
429,0.00466693931535098,10.305516856999999
430,0.0047173083218045786,10.32950019
431,0.004765900574411352,10.353483523
432,0.004807323882427726,10.377466856
433,0.004836261735701614,10.401450189
434,0.004847475286936552,10.425433521999999
435,0.004837956400515657,10.449416854999999
436,0.004805534939017673,10.473400188
437,0.004749563091030501,10.497383521
438,0.004671625012668325,10.521366854
439,0.004575525141045152,10.545350187
440,0.004466494692229637,10.569333519999999
441,0.004350117410926676,10.593316853
442,0.004233998749622021,10.617300186
443,0.004125390232048806,10.641283519
444,0.004030562812409736,10.665266852
445,0.003955063299053102,10.689250184999999
446,0.003904126305357107,10.713233518
447,0.003880369362918299,10.737216851
448,0.003883918148957411,10.761200184
449,0.003914420968729457,10.785183517
450,0.003969907358141894,10.80916685
451,0.0040465263098994255,10.833150182999999
452,0.004140066342225804,10.857133516
453,0.004246070367737023,10.881116849
454,0.004359919930072861,10.905100182
455,0.004476738957772177,10.929083515
456,0.004593397448675634,10.953066847999999
457,0.0047068549924712665,10.977050181
458,0.004814932008766254,11.001033514
459,0.004916471263234563,11.025016847
460,0.005011616942112943,11.04900018
461,0.005100315358386439,11.072983512999999
462,0.005182998746453159,11.096966845999999
463,0.0052601518486738484,11.120950179
464,0.005331901789501137,11.144933512
465,0.005397482835980127,11.168916845
466,0.005455300792897561,11.192900178
467,0.005504352045912851,11.216883510999999
468,0.0055414991340221546,11.240866844
469,0.005563196096690232,11.264850177
470,0.005566441194628718,11.28883351
471,0.005548403824885858,11.312816843
472,0.005505741562179523,11.336800175999999
473,0.005436773990843966,11.360783509
474,0.005340628485467337,11.384766842
475,0.005218067084309521,11.408750175
476,0.00507008498793902,11.432733508
477,0.0049002750492096745,11.456716840999999
478,0.004713141217579048,11.480700173999999
479,0.00451328666228365,11.504683507
480,0.004307464541963386,11.52866684
481,0.0041020444721506216,11.552650173
482,0.0039044018643149114,11.576633506
483,0.0037210468450387273,11.600616838999999
484,0.0035587848928383408,11.624600172
485,0.003423558171489659,11.648583505
486,0.00332005350090486,11.672566838
487,0.0032532911113089895,11.696550171
488,0.003225490986836987,11.720533503999999
489,0.003238402897533195,11.744516836999999
490,0.003291613855572052,11.76850017
491,0.0033841852262145086,11.792483503
492,0.003513659770283332,11.816466836
493,0.0036747820650875796,11.840450169
494,0.003862803273269969,11.864433501999999
495,0.004071211427930935,11.888416835
496,0.004292295763077803,11.912400168
497,0.00451821528329575,11.936383501
498,0.004741478623573118,11.960366834
499,0.004954032839509128,11.984350166999999
500,0.005148013614756085,12.008333499999999
501,0.005317758160990796,12.032316833
502,0.005458755652525875,12.056300166
503,0.00556682276462829,12.080283499
504,0.005640863628761335,12.104266831999999
505,0.005682598190599725,12.128250164999999
506,0.0056946813049224745,12.152233498
507,0.0056817353725913036,12.176216831
508,0.005650739096984324,12.200200164
509,0.0056093024263428656,12.224183497
510,0.005565135266282253,12.248166829999999
511,0.005526032434179006,12.272150163
512,0.0054992091525546336,12.296133496
513,0.005490723733159311,12.320116829
514,0.005502805104886855,12.344100162
515,0.005537657429888393,12.368083494999999
516,0.005594570205852825,12.392066827999999
517,0.005670899626355772,12.416050161
518,0.005762571142300456,12.440033494
519,0.005864549428689635,12.464016827
520,0.005971212976247746,12.48800016
521,0.0060764897716839295,12.511983492999999
522,0.006175326498944041,12.535966826
523,0.006263336615005917,12.559950159
524,0.00633633012114506,12.583933492
525,0.006391909204125644,12.607916825
526,0.006429107738374537,12.631900157999999
527,0.0064481166734597275,12.655883490999999
528,0.006448859867989469,12.679866824
529,0.00643404921463711,12.703850157
530,0.006405821393846016,12.72783349
531,0.006366844464160091,12.751816822999999
532,0.006319697787843792,12.775800155999999
533,0.006267382068668133,12.799783489
534,0.006212097302149621,12.823766822
535,0.006153727064041187,12.847750155
536,0.00609375359713921,12.871733488
537,0.0060317516334053465,12.895716820999999
538,0.0059670045113291055,12.919700154
539,0.0058988391616861344,12.943683487
540,0.00582738983492212,12.96766682
541,0.005753072585092315,12.991650153
542,0.005676937339469257,13.015633485999999
543,0.0056013509321210225,13.039616818999999
544,0.0055299677153135916,13.063600152
545,0.005465041221293603,13.087583485
546,0.00541029518401041,13.111566818
547,0.005369037609793191,13.135550151
548,0.005343346728437002,13.159533483999999
549,0.005333694637652234,13.183516817
550,0.005340933660402185,13.20750015
551,0.005363626378222847,13.231483483
552,0.0053987430460255585,13.255466816
553,0.005444035391907965,13.279450148999999
554,0.005496110587204126,13.303433481999999
555,0.005552743676861652,13.327416815
556,0.005609988229495075,13.351400148
557,0.005666736822509578,13.375383481
558,0.005721862399332603,13.399366813999999
559,0.005773989803327596,13.423350146999999
560,0.005824719069913392,13.44733348
561,0.005874310524728496,13.471316813
562,0.0059246705640809754,13.495300146
563,0.00597669625808101,13.519283479
564,0.006032595391472824,13.543266811999999
565,0.006094268216596036,13.567250145
566,0.006162231486559179,13.591233478
567,0.006238093352559627,13.615216811
568,0.006322481047006375,13.639200144
569,0.006415331782023093,13.663183476999999
570,0.006516222265563601,13.687166809999999
571,0.006626054004186321,13.711150143
572,0.006743675537641098,13.735133476
573,0.006867697193194528,13.759116809
574,0.006997116530893894,13.783100141999999
575,0.00713094858257413,13.807083474999999
576,0.007265605744414787,13.831066808
577,0.007398515700282437,13.855050141
578,0.007526277495068828,13.879033474
579,0.007644836736483531,13.903016807
580,0.007749215201279987,13.927000139999999
581,0.007835760636079863,13.950983472999999
582,0.007900832392582706,13.974966806
583,0.007940541138143091,13.998950139
584,0.007953184448388228,14.022933472
585,0.007939395045400659,14.046916804999999
586,0.007900336618422736,14.070900137999999
587,0.00783852966801529,14.094883471
588,0.007758852143402034,14.118866804
589,0.007667223061258105,14.142850137
590,0.007569606291196098,14.16683347
591,0.007472511925839696,14.190816802999999
592,0.007383250863628557,14.214800136
593,0.0073069928846332495,14.238783469
594,0.007247930615835882,14.262766802
595,0.007209360257491213,14.286750135
596,0.007193181030443415,14.310733467999999
597,0.007197755163252471,14.334716800999999
598,0.007221191102681947,14.358700134
599,0.0072601259076197884,14.382683467
600,0.007309902275391389,14.4066668
601,0.007364005439857324,14.430650132999999
602,0.0074181174898104146,14.454633465999999
603,0.0074661409633461785,14.478616799
604,0.007503288581760342,14.502600132
605,0.007525847899494025,14.526583465
606,0.0075316043839243315,14.550566798
607,0.007519525622396574,14.574550130999999
608,0.007489185374144137,14.598533463999999
609,0.007442758444811425,14.622516797
610,0.007382333321654253,14.64650013
611,0.007310587246414541,14.670483463
612,0.007230595677839801,14.694466795999999
613,0.007146867877902982,14.718450128999999
614,0.007061959377783758,14.742433462
615,0.006977595158733558,14.766416795
616,0.006895962444238298,14.790400128
617,0.0068174365012262095,14.814383461
618,0.006740426020336774,14.838366793999999
619,0.0066628655199335645,14.862350127
620,0.006582457420938711,14.88633346
621,0.0064954049395710405,14.910316793
622,0.006397723311768733,14.934300126
623,0.006287247385017029,14.958283458999999
624,0.006161989195868418,14.982266791999999
625,0.00602115648807254,15.006250125
626,0.005866676447238938,15.030233458
627,0.005701713073712847,15.054216791
628,0.0055315893085661995,15.078200123999999
629,0.0053618960887566675,15.102183456999999
630,0.005200124991339635,15.12616679
631,0.005052997272142108,15.150150123
632,0.004925713905502744,15.174133456
633,0.004824336476167774,15.198116789
634,0.004751441085454781,15.222100121999999
635,0.004707103694442326,15.246083454999999
636,0.004690305786879038,15.270066788
637,0.0046983312083178075,15.294050121
638,0.004727439534699343,15.318033454
639,0.004770603209691206,15.342016786999999
640,0.004823724105644789,15.366000119999999
641,0.004881201047128757,15.389983453
642,0.004938323163220795,15.413966786
643,0.004992045245484288,15.437950119
644,0.005041303723847215,15.461933452
645,0.005086168921477645,15.485916784999999
646,0.0051274939540123686,15.509900118
647,0.005168851802691969,15.533883451
648,0.005214125606497159,15.557866784
649,0.005267257685427498,15.581850117
650,0.005332771309008412,15.605833449999999
651,0.005414961092157499,15.629816782999999
652,0.005517155335467982,15.653800116
653,0.005640601529950624,15.677783449
654,0.005787194803163032,15.701766782
655,0.005955038848002165,15.725750114999999
656,0.006141003042553599,15.749733447999999
657,0.0063401926697640495,15.773716781
658,0.006546869648995974,15.797700114
659,0.006753995858066011,15.821683447
660,0.006951561163857772,15.84566678
661,0.007131652060173865,15.869650112999999
662,0.007286071975851682,15.893633445999999
663,0.007407387276459412,15.917616779
664,0.007490026516651722,15.941600112
665,0.007530993725268915,15.965583445
666,0.007529494960384849,15.989566777999999
667,0.007486928871524463,16.013550111
668,0.0074082156779172416,16.037533444
669,0.007300185273783791,16.061516777
670,0.007170892740113865,16.08550011
671,0.00702996410635361,16.109483443000002
672,0.006887958332686532,16.133466776000002
673,0.006755051774946014,16.157450109000003
674,0.006638985395864875,16.181433442
675,0.00654815739482291,16.205416775
676,0.006487522377018989,16.229400108
677,0.0064596707758902685,16.253383441
678,0.006464817244663266,16.277366774
679,0.00650051341621982,16.301350107
680,0.006562907366418762,16.32533344
681,0.006642984774427666,16.349316773
682,0.006733467161239367,16.373300106000002
683,0.006825113335771682,16.397283439000002
684,0.006909095173142361,16.421266772000003
685,0.006977665417572277,16.445250105
686,0.007025717869148335,16.469233438
687,0.007050082392969327,16.493216771
688,0.007050522254261553,16.517200104
689,0.007030357144326835,16.541183437
690,0.00699541958260154,16.56516677
691,0.006952024928081594,16.589150103
692,0.00690972865762051,16.613133436000002
693,0.006876420848415213,16.637116769000002
694,0.0068598763549927505,16.661100102000002
695,0.006864665284168025,16.685083435000003
696,0.006895457825248323,16.709066768
697,0.006951672113598902,16.733050101
698,0.0070300426949927945,16.757033434
699,0.007125400945878182,16.781016767
700,0.007230353306877138,16.8050001
701,0.007334625135546122,16.828983433
702,0.00742830398218222,16.852966766
703,0.007502173717932477,16.876950099000002
704,0.007547533937399318,16.900933432000002
705,0.007557459814248988,16.924916765000003
706,0.007528900631113205,16.948900098000003
707,0.007461688256208723,16.972883431
708,0.007358074562767683,16.996866764
709,0.007224487717057506,17.020850097
710,0.007070182554954574,17.04483343
711,0.006905822650874552,17.068816763
712,0.006742854778465657,17.092800096
713,0.006592928617274343,17.116783429
714,0.00646616164916762,17.140766762000002
715,0.006370203266835526,17.164750095000002
716,0.0063096792700309615,17.188733428000003
717,0.006287977824002528,17.212716761
718,0.006303433138715487,17.236700094
719,0.006350788215425909,17.260683427
720,0.006424134904874161,17.28466676
721,0.00651612294473368,17.308650093
722,0.006616177061760931,17.332633426
723,0.006715526694147008,17.356616759
724,0.006805858873747095,17.380600092
725,0.006879482321018558,17.404583425000002
726,0.006930390130839935,17.428566758000002
727,0.00695538840710983,17.452550091000003
728,0.006952714207794971,17.476533424
729,0.006922917098306189,17.500516757
730,0.006868798209999812,17.52450009
731,0.006796186996003869,17.548483423
732,0.006711586557029724,17.572466756
733,0.006622498883932756,17.596450089
734,0.006538038992701591,17.620433422
735,0.006467240652137029,17.644416755
736,0.006417317210067654,17.668400088000002
737,0.006394054906025882,17.692383421000002
738,0.006403192302809191,17.716366754000003
739,0.006444617227674471,17.740350087
740,0.006515794503788459,17.76433342
741,0.006611114001162892,17.788316753
742,0.006722152871566418,17.812300086
743,0.006837408289387059,17.836283419
744,0.006944700843468433,17.860266752
745,0.007031821529339505,17.884250085
746,0.007087947808336747,17.908233418000002
747,0.007104002551972816,17.932216751000002
748,0.0070760112555908385,17.956200084000002
749,0.007002966983934168,17.980183417000003
750,0.006887538392723286,18.00416675
751,0.0067365849742896675,18.028150083
752,0.0065600457584280856,18.052133416
753,0.0063687709610940205,18.076116749
754,0.006173499676148867,18.100100082
755,0.0059849388735369975,18.124083415
756,0.005810854250736069,18.148066748
757,0.005656025693216301,18.172050081000002
758,0.005523928512029816,18.196033414000002
759,0.005413735359268486,18.220016747000003
760,0.005323359227518777,18.24400008
761,0.005248592071033835,18.267983413
762,0.005185548585224151,18.291966746
763,0.005130452426590578,18.315950079
764,0.005078875860772928,18.339933412
765,0.005029665708318424,18.363916745
766,0.004981440190290552,18.387900078
767,0.00493410270857138,18.411883411
768,0.004888590769229661,18.435866744000002
769,0.004846505133248099,18.459850077000002
770,0.004809698183772621,18.483833410000003
771,0.004778506289563953,18.507816743
772,0.004754233678073519,18.531800076
773,0.004737246369937314,18.555783409
774,0.004726788670074177,18.579766742
775,0.004721933466748834,18.603750075
776,0.004722804587169021,18.627733408
777,0.004728062040098578,18.651716741
778,0.004736104965478988,18.675700074
779,0.004748192263777279,18.699683407000002
780,0.004763569491615835,18.723666740000002
781,0.0047822882333854655,18.747650073000003
782,0.004805090956011227,18.771633406
783,0.004832646959107781,18.795616739
784,0.004866014673506504,18.819600072
785,0.0049047557104464545,18.843583405
786,0.004949306659413665,18.867566738
787,0.004999059506144757,18.891550071
788,0.00505280388765477,18.915533404
789,0.005108743336856852,18.939516737
790,0.005165249523959944,18.963500070000002
791,0.005219752650556052,18.987483403000002
792,0.005269110290802796,19.011466736000003
793,0.005311598876634836,19.035450069
794,0.005344398420742652,19.059433402
795,0.0053652193736495706,19.083416735
796,0.005372495929591004,19.107400068
797,0.005365512745756441,19.131383401
798,0.0053442004297975295,19.155366734
799,0.005308416907424526,19.179350067
800,0.005259944443292768,19.2033334
801,0.005200372573798083,19.227316733000002
802,0.005131358330213377,19.251300066000002
803,0.005055061089749031,19.275283399000003
804,0.004973640879616108,19.299266732
805,0.00488966109693974,19.323250065
806,0.004802561882350007,19.347233398
807,0.004714387602491303,19.371216731
808,0.004625327790132847,19.395200064
809,0.004535649569298154,19.419183397
810,0.004445768770099446,19.44316673
811,0.004356961607419433,19.467150063000002
812,0.0042712016258097405,19.491133396000002
813,0.004190327849664489,19.515116729000002
814,0.004118396633206634,19.539100062
815,0.0040602238894744515,19.563083395
816,0.004020570118875486,19.587066728
817,0.004005240271363617,19.611050061
818,0.004020212212198345,19.635033394
819,0.004070539495103793,19.659016727
820,0.004159533175185141,19.68300006
821,0.004290303790458459,19.706983393
822,0.00446279506338301,19.730966726000002
823,0.004674639014923677,19.754950059000002
824,0.004921672476920646,19.778933392000003
825,0.00519691233892553,19.802916725
826,0.005491886669722835,19.826900058
827,0.005795259907780418,19.850883391
828,0.006096646199787163,19.874866724
829,0.006384001507082511,19.898850057
830,0.00664576721556127,19.92283339
831,0.0068725248919287935,19.946816723
832,0.007055778687928069,19.970800056
833,0.007189892813804154,19.994783389000002
834,0.007270775951992676,20.018766722000002
835,0.00729793330858919,20.042750055000003
836,0.007272681943824774,20.066733388
837,0.007197897744554952,20.090716721
838,0.007079048060086499,20.114700054
839,0.006922342289731065,20.138683387
840,0.006734454921642647,20.16266672
841,0.006522676314298555,20.186650053
842,0.006295294484522638,20.210633386
843,0.00605917593940487,20.234616719
844,0.005821150472542285,20.258600052000002
845,0.0055878767962592125,20.282583385000002
846,0.005366132203917898,20.306566718000003
847,0.00515892924302984,20.330550051
848,0.004970757930700654,20.354533384
849,0.004804636567365155,20.378516717
850,0.004662322304565856,20.40250005
851,0.004544296445848532,20.426483383
852,0.004450865434441633,20.450466716
853,0.004381261753354611,20.474450049
854,0.004334531741261424,20.498433382
855,0.004309447538623923,20.522416715000002
856,0.004305568140743494,20.546400048000002
857,0.004322507457283902,20.570383381
858,0.004359339703059575,20.594366714
859,0.004416966288285622,20.618350047
860,0.004495798995639683,20.64233338
861,0.004596253439682031,20.666316713
862,0.004717846079851137,20.690300046
863,0.00486152868186613,20.714283379
864,0.005024789857202459,20.738266712
865,0.005203694773733621,20.762250045000002
866,0.005393477275344396,20.786233378000002
867,0.005587808479083532,20.810216711000002
868,0.005777370712155668,20.834200044
869,0.0059527031116371094,20.858183377
870,0.006104932308371207,20.88216671
871,0.0062243215268027825,20.906150043
872,0.006302896518223805,20.930133376
873,0.00633606963325211,20.954116709
874,0.006321635047548214,20.978100042
875,0.00626075154484212,21.002083375
876,0.006158536086000217,21.026066708000002
877,0.006023400823720719,21.050050041000002
878,0.005866065010528925,21.074033374000003
879,0.005697959589703373,21.098016707
880,0.005531676854160774,21.12200004
881,0.0053787850671224964,21.145983373
882,0.005247926540183862,21.169966706
883,0.0051459420302670845,21.193950039
884,0.005076786428062211,21.217933372
885,0.005040579447444297,21.241916705
886,0.005034601393559973,21.265900038
887,0.005054138972278642,21.289883371000002
888,0.005093402277995547,21.313866704000002
889,0.005143812233948547,21.337850037000003
890,0.005198408128624732,21.36183337
891,0.005251197766548369,21.385816703
892,0.005297177560709992,21.409800036
893,0.005332941969423986,21.433783369
894,0.00535836012750434,21.457766702
895,0.005374892213237747,21.481750035
896,0.00538570801853085,21.505733368
897,0.005396455511350613,21.529716701
898,0.005413019191544455,21.553700034000002
899,0.005441951550259869,21.577683367000002
900,0.005488828169881615,21.601666700000003
901,0.005558461541692989,21.625650033
902,0.005654210153494622,21.649633366
903,0.005775280164115971,21.673616699
904,0.005922220016848889,21.697600032
905,0.006089906038645456,21.721583365
906,0.006272436822622366,21.745566698
907,0.00646213462436441,21.769550031
908,0.006650500380490075,21.793533364
909,0.0068290410567838555,21.817516697000002
910,0.006987488703408478,21.841500030000002
911,0.007118131333617417,21.865483363
912,0.007214292720000533,21.889466696
913,0.00727079269585553,21.913450029
914,0.00728473151203463,21.937433362
915,0.007256518629369315,21.961416695
916,0.007188135209731515,21.985400028
917,0.007083775150723799,22.009383361
918,0.006950205895241515,22.033366694
919,0.006795970427958406,22.057350027000002
920,0.006629099007552166,22.081333360000002
921,0.00645890967747767,22.105316693000002
922,0.006294742362783406,22.129300026
923,0.006144161921102544,22.153283359
924,0.00601293430336701,22.177266692
925,0.0059066523518701425,22.201250025
926,0.0058276173887190025,22.225233358
927,0.005776293694852999,22.249216691
928,0.005751800583793049,22.273200024
929,0.005751752066166087,22.297183357
930,0.005774604546279932,22.321166690000002
931,0.0058128653951209225,22.345150023000002
932,0.005863492889791666,22.369133356000003
933,0.005921619731878155,22.393116689
934,0.005983194240535596,22.417100022
935,0.006044528179635566,22.441083355
936,0.006103670835972157,22.465066688
937,0.0061593011127732055,22.489050021
938,0.006211124253386468,22.513033354
939,0.006261527426094127,22.537016687
940,0.006314247375931021,22.56100002
941,0.006371985096303641,22.584983353000002
942,0.006440690584915577,22.608966686000002
943,0.006526470638549447,22.632950019000003
944,0.006636068491931701,22.656933352
945,0.006774021196398286,22.680916685
946,0.006946866363506346,22.704900018
947,0.007157846018975235,22.728883351
948,0.0074071461652020125,22.752866684
949,0.007693572875473996,22.776850017
950,0.008012733117608261,22.80083335
951,0.008359420584144494,22.824816683
952,0.008719727584780294,22.848800016000002
953,0.00908343584813329,22.872783349000002
954,0.009438108913500913,22.896766682
955,0.009770809355099662,22.920750015
956,0.010071594893006332,22.944733348
957,0.010334001786855378,22.968716681
958,0.010556552488300074,22.992700014
959,0.010739793722851559,23.016683347
960,0.010892441989636431,23.04066668
961,0.011027892621237406,23.064650013
962,0.011157943111455296,23.088633346
963,0.01130065003620158,23.112616679000002
964,0.0114729651503737,23.136600012000002
965,0.0116916380695293,23.160583345
966,0.011967563758907625,23.184566678
967,0.01231191368022033,23.208550011
968,0.012729789686421137,23.232533344
969,0.013220034168916131,23.256516677
970,0.013779258442754216,23.28050001
971,0.014398901318286063,23.304483343
972,0.015066946596323154,23.328466676
973,0.015768501061664067,23.352450009000002
974,0.01648741600724868,23.376433342000002
975,0.017207518115590053,23.400416675000002
976,0.017910299525255545,23.424400008
977,0.0185819645609405,23.448383341
978,0.01920978951746505,23.472366674
979,0.019781551574782733,23.496350007
980,0.02028980960296493,23.52033334
981,0.02072923983619262,23.544316673
982,0.021098468362285374,23.568300006
983,0.02139235195120699,23.592283339
984,0.0216117989428841,23.616266672000002
985,0.021757532444744695,23.640250005000002
986,0.02182837705649786,23.664233338000003
987,0.021824985187522863,23.688216671
988,0.021752792259015,23.712200004
989,0.021614416086750056,23.736183337
990,0.02141566956673147,23.76016667
991,0.02116624269425413,23.784150003
992,0.02088115810759907,23.808133336
993,0.0205719660900342,23.832116669
994,0.0202576832699377,23.856100002
995,0.019957127013909413,23.880083335000002
996,0.019689563671704165,23.904066668000002
997,0.019470453610087302,23.928050001000003
998,0.01931639847041428,23.952033334
999,0.019237044239632597,23.976016667
