,distribution,distance
0,1.0,0.05
1,0.9942872554907164,0.46605
2,0.9829202935126896,0.8821000000000001
3,0.9660072072489349,1.2981500000000001
4,0.9437277675818064,1.7142000000000002
5,0.916361179831414,2.13025
6,0.8842810663011221,2.5463
7,0.8479799889026793,2.96235
8,0.8080455608644541,3.3784
9,0.7651723889863902,3.7944500000000003
10,0.7201191007155663,4.210500000000001
11,0.673706899423614,4.62655
12,0.6267436673498767,5.0426
13,0.5800034635382053,5.4586500000000004
14,0.5342214064495567,5.8747
15,0.49000573019387966,6.29075
16,0.4478896135759158,6.7068
17,0.4082383829476538,7.122850000000001
18,0.3713445288826122,7.538900000000001
19,0.3373246201535228,7.95495
20,0.30625509253412975,8.371000000000002
21,0.2780709377294814,8.78705
22,0.25265451377466863,9.203100000000001
23,0.22989305550071867,9.619150000000001
24,0.20956232486540574,10.035200000000001
25,0.19149789364053785,10.451250000000002
26,0.17546972305636968,10.867300000000002
27,0.1612937640818553,11.283350000000002
28,0.1487674089051811,11.6994
29,0.13768996212287904,12.115450000000001
30,0.1278800171128331,12.531500000000001
31,0.11917193361990416,12.947550000000001
32,0.11143035569018356,13.363600000000002
33,0.10449153990737431,13.779650000000002
34,0.09826185193656882,14.195700000000002
35,0.0925914945404734,14.611750000000002
36,0.08742922239041975,15.027800000000003
37,0.08267290826322131,15.443850000000001
38,0.078244724598445,15.859900000000001
39,0.0741287233401727,16.27595
40,0.07025459501685971,16.692000000000004
41,0.0666241007025693,17.108050000000002
42,0.0631817127970234,17.5241
43,0.059929989922982714,17.940150000000003
44,0.05683321687694497,18.3562
45,0.053891998054292,18.772250000000003
46,0.0510851124009971,19.1883
47,0.04839949320642495,19.604350000000004
48,0.04584435606054161,20.020400000000002
49,0.043404234651851954,20.43645
50,0.041082111448471154,20.852500000000003
51,0.03886766276200742,21.26855
52,0.03677581175084518,21.684600000000003
53,0.034792975831138814,22.10065
54,0.03292298703225396,22.516700000000004
55,0.031161027851467734,22.932750000000002
56,0.02950163647584705,23.3488
57,0.027952522900089673,23.764850000000003
58,0.02650410532564814,24.1809
59,0.025157190139799467,24.596950000000003
60,0.02390641195693801,25.013
61,0.022751229205418687,25.429050000000004
62,0.021684895553947144,25.845100000000002
63,0.02069775339618632,26.261150000000004
64,0.019792198897866046,26.677200000000003
65,0.01895120442138523,27.09325
66,0.018168094483788793,27.509300000000003
67,0.017431303658263262,27.92535
68,0.01673411125777371,28.341400000000004
69,0.01606702117987419,28.757450000000002
70,0.015428737542393826,29.173500000000004
71,0.01481388930064598,29.589550000000003
72,0.014221713707489661,30.005600000000005
73,0.013653623088240396,30.421650000000003
74,0.013107801133236632,30.8377
75,0.012592739624055,31.253750000000004
76,0.01210486079688891,31.669800000000002
77,0.011645617514997967,32.08585
78,0.011214662317346528,32.5019
79,0.01081082629602248,32.91795
80,0.010434604508445387,33.334
81,0.010083340623576126,33.75005
82,0.009756573245703008,34.1661
83,0.009452022568717564,34.58215
84,0.00916912538258441,34.9982
85,0.008903992649773458,35.41425
86,0.008659345385050905,35.8303
87,0.0084288766589616,36.24635
88,0.008209997033334741,36.6624
89,0.008000230698149762,37.07845
90,0.0077954776945567345,37.4945
91,0.007593015656373004,37.91055
92,0.007389250416925383,38.3266
93,0.007182857569933276,38.74265
94,0.0069718190894838585,39.1587
95,0.006755728811929673,39.57475
96,0.006535241900201386,39.9908
97,0.006310545408538895,40.40685
98,0.00608647154142237,40.8229
99,0.005863905185121568,41.23895
100,0.005646463457363738,41.655
101,0.00543726364111153,42.07105
102,0.005240478384814737,42.4871
103,0.005058891171789469,42.903150000000004
104,0.004895183324818668,43.3192
105,0.004751136524230319,43.73525
106,0.004626903291992774,44.1513
107,0.0045215714670989934,44.56735
108,0.004431650261964662,44.9834
109,0.0043542461435655665,45.39945
110,0.004282645710563679,45.8155
111,0.004210369872527844,46.23155
112,0.004131222892291292,46.6476
113,0.004039073481098961,47.06365
114,0.003929340875837857,47.4797
115,0.003799038717689383,47.89575
116,0.00364805180773028,48.3118
117,0.00347772512727794,48.727850000000004
118,0.003292308660445933,49.1439
119,0.00309711847462297,49.55995
120,0.002898486540794569,49.976
121,0.0027045577442569952,50.39205
122,0.002521268741409437,50.8081
123,0.0023544687209487948,51.22415
124,0.0022082829690959335,51.6402
125,0.002085663213158584,52.05625
126,0.0019870859374174427,52.472300000000004
127,0.001911365922934243,52.88835
128,0.0018562401119331731,53.3044
129,0.0018176385080266283,53.72045
130,0.001791299616736904,54.1365
131,0.0017721469363084375,54.552550000000004
132,0.0017557513882206725,54.9686
133,0.001737470663486348,55.38465
134,0.0017140203948808389,55.8007
135,0.0016826849648248657,56.216750000000005
136,0.001641887188773306,56.6328
137,0.0015913325379356559,57.04885
138,0.0015314186055168824,57.4649
139,0.0014634098383241238,57.88095
140,0.00138919474759241,58.297000000000004
141,0.0013110090479889825,58.71305
142,0.0012312284022439881,59.1291
143,0.0011517653895688432,59.54515
144,0.0010758553424389447,59.961200000000005
145,0.0010045536609463042,60.377250000000004
146,0.0009394113959584545,60.7933
147,0.0008814994696469174,61.20935
148,0.0008316321841017367,61.6254
149,0.0007900856402645085,62.041450000000005
150,0.0007568638542287977,62.4575
151,0.000731565468621445,62.87355
152,0.0007134573163455133,63.2896
153,0.0007015731709014661,63.70565
154,0.0006946577332898082,64.1217
155,0.0006912470206985676,64.53775
156,0.0006898055214139055,64.9538
157,0.0006888706176630477,65.36985
158,0.0006871389002241322,65.7859
159,0.0006835392510075423,66.20195
160,0.0006774665700890737,66.61800000000001
161,0.0006684932279362605,67.03405000000001
162,0.0006568750340539852,67.4501
163,0.0006429123594229024,67.86615
164,0.0006273266024155135,68.2822
165,0.000610815099942958,68.69825
166,0.0005946302581755838,69.1143
167,0.0005794209018833926,69.53035
168,0.0005659597212146557,69.9464
169,0.0005548414669855517,70.36245
170,0.0005464130571553218,70.77850000000001
171,0.0005409079139093333,71.19455
172,0.0005381775327091364,71.6106
173,0.0005378936149065483,72.02665
174,0.0005394952668752108,72.4427
175,0.0005421728912987693,72.85875
176,0.0005450537681718951,73.2748
177,0.0005469563491722425,73.69085
178,0.0005468145818696938,74.1069
179,0.0005434430973741532,74.52295000000001
180,0.0005358374530539514,74.93900000000001
181,0.0005232123578149086,75.35505
182,0.000505088859225855,75.7711
183,0.0004813557907881602,76.18715
184,0.00045229525179973066,76.6032
185,0.000418587459380511,77.01925
186,0.00038118797081183826,77.4353
187,0.0003413260411425009,77.85135
188,0.0003002724857600679,78.26740000000001
189,0.0002595783774361124,78.68345000000001
190,0.00022035978503822228,79.0995
191,0.00018369780759394698,79.51555
192,0.00015043016533110317,79.9316
193,0.00012114789423797472,80.34765
194,9.6134425073217e-05,80.7637
195,7.547160399089665e-05,81.17975
196,5.908664774543597e-05,81.5958
197,4.673112351330735e-05,82.01185000000001
198,3.810159186777616e-05,82.42790000000001
199,3.286512931062681e-05,82.84395
200,3.0729609529377665e-05,83.26
201,3.1401142164584703e-05,83.67605
202,3.4591971530628104e-05,84.0921
203,4.0081021866592214e-05,84.50815
204,4.768816033242568e-05,84.9242
205,5.7193359420216685e-05,85.34025
206,6.841017462970663e-05,85.75630000000001
207,8.112488031287016e-05,86.17235000000001
208,9.510462581872265e-05,86.58840000000001
209,0.00011008999961742857,87.00445
210,0.00012585728167475524,87.4205
211,0.0001420785183238425,87.83655
212,0.0001587137215432996,88.2526
213,0.00017548442923355894,88.66865
214,0.0001922857709592587,89.0847
215,0.00020906354035228996,89.50075000000001
216,0.00022582300608281066,89.91680000000001
217,0.00024253827518034803,90.33285000000001
218,0.0002592064238304195,90.7489
219,0.00027575900430401227,91.16495
220,0.00029203821074202116,91.581
221,0.0003077705343423815,91.99705
222,0.000322555865567745,92.4131
223,0.0003358766240854058,92.82915
224,0.0003471285640630878,93.2452
225,0.0003556713541813776,93.66125000000001
226,0.0003608934783519998,94.07730000000001
227,0.0003622831081762728,94.49335
228,0.00035949494505700875,94.9094
229,0.0003524029957584365,95.32545
230,0.0003411309122008182,95.7415
231,0.00032605465272893486,96.15755
232,0.00030777628313145806,96.5736
233,0.00028707202535025085,96.98965
234,0.00026482143397641133,97.40570000000001
235,0.0002419271965375959,97.82175000000001
236,0.0002192361030266802,98.23780000000001
237,0.00019747110070602537,98.65385
238,0.00017718223279013123,99.0699
239,0.00015872109324713136,99.48595
240,0.00014223980304196507,99.902
241,0.00012771204468237394,100.31805
242,0.00011495941496357175,100.7341
243,0.00010375037585872136,101.15015000000001
244,9.376351015756608e-05,101.56620000000001
245,8.475075296444757e-05,101.98225000000001
246,7.640408053082955e-05,102.3983
247,6.855458523998605e-05,102.81435
248,6.109822852752192e-05,103.2304
249,5.4010541008214274e-05,103.64645
250,4.73268391766139e-05,104.0625
251,4.11796135625936e-05,104.47855
252,3.569572636255915e-05,104.89460000000001
253,3.1048485784628735e-05,105.31065000000001
254,2.7424795522011388e-05,105.72670000000001
255,2.5015919998633384e-05,106.14275
256,2.4010650335541602e-05,106.5588
257,2.45433286171754e-05,106.97485
258,2.689167751156131e-05,107.3909
259,3.1119173155285545e-05,107.80695
260,3.732961860607885e-05,108.223
261,4.555597670526099e-05,108.63905000000001
262,5.579099332173234e-05,109.05510000000001
263,6.787912416292493e-05,109.47115000000001
264,8.156570970134826e-05,109.8872
265,9.646605172863287e-05,110.30325
266,0.00011206641010862907,110.7193
267,0.0001277393087158509,111.13535
268,0.00014281546011777422,111.5514
269,0.00015649515305901082,111.96745
270,0.00016807868027860905,112.38350000000001
271,0.00017692563564082627,112.79955000000001
272,0.00018253763643212792,113.21560000000001
273,0.00018459703078828812,113.63165000000001
274,0.0001830522165361286,114.0477
275,0.0001780440836429756,114.46375
276,0.00016996389561245215,114.8798
277,0.00015940213460103534,115.29585
278,0.000147100167783844,115.7119
279,0.00013389001273150412,116.12795000000001
280,0.0001206495892881992,116.54400000000001
281,0.00010817213744504838,116.96005000000001
282,9.719702037746448e-05,117.37610000000001
283,8.831369252018445e-05,117.79215
284,8.196244372629426e-05,118.2082
285,7.835026902280382e-05,118.62425
286,7.753437524351805e-05,119.0403
287,7.937987687077067e-05,119.45635
288,8.359105016390103e-05,119.87240000000001
289,8.97403819990601e-05,120.28845000000001
290,9.730528932507599e-05,120.70450000000001
291,0.00010573115606291424,121.12055000000001
292,0.00011441019986153948,121.5366
293,0.00012281455168481673,121.95265
294,0.00013048746267747564,122.3687
295,0.00013708928415057694,122.78475
296,0.0001424200361281882,123.2008
297,0.00014642707939102533,123.61685
298,0.00014919655155937585,124.03290000000001
299,0.0001509293351300267,124.44895000000001
300,0.00015190452743798471,124.86500000000001
301,0.0001524352546092033,125.28105000000001
302,0.00015278831708655854,125.6971
303,0.00015329653209779175,126.11315
304,0.00015406655917759936,126.5292
305,0.00015516249189327362,126.94525
306,0.0001565418741203713,127.3613
307,0.00015806726254742238,127.77735000000001
308,0.00015952874267549175,128.19340000000003
309,0.00016067320048625838,128.60945
310,0.00016123566631986614,129.02550000000002
311,0.00016096841403647253,129.44155000000003
312,0.00015966453832760643,129.85760000000002
313,0.0001571741505171437,130.27365000000003
314,0.00015341279377369143,130.68970000000002
315,0.00014836288800340302,131.10575000000003
316,0.0001420697802141517,131.5218
317,0.00013463423741494695,131.93785000000003
318,0.00012620304266855006,132.3539
319,0.00011695889833451699,132.76995000000002
320,0.00010711029833070581,133.18600000000004
321,9.688157857225221e-05,133.60205000000002
322,8.650310417280501e-05,134.01810000000003
323,7.620153320613941e-05,134.43415000000002
324,6.619026205979917e-05,134.85020000000003
325,5.663740016132988e-05,135.26625
326,4.776030270104113e-05,135.68230000000003
327,3.96456278881363e-05,136.09835
328,3.237995225278523e-05,136.51440000000002
329,2.600816056837333e-05,136.93045
330,2.053569707948405e-05,137.34650000000002
331,1.5933266073298297e-05,137.76255000000003
332,1.2143411463378879e-05,138.17860000000002
333,9.088199419624086e-06,138.59465000000003
334,6.6771636434241294e-06,139.0107
335,4.8147444012713515e-06,139.42675000000003
336,3.406627420145017e-06,139.8428
337,2.3531160407631683e-06,140.25885000000002
338,1.6036374620110965e-06,140.6749
339,1.071606884490625e-06,141.09095000000002
340,7.020860559525953e-07,141.50700000000003
341,4.3945268498282326e-07,141.92305000000002
342,2.7764585019248684e-07,142.33910000000003
343,1.7187277874277696e-07,142.75515000000001
344,1.0424610987749999e-07,143.17120000000003
345,6.195116301799654e-08,143.58725
346,3.607247304208368e-08,144.00330000000002
347,2.0579708479392156e-08,144.41935
348,0.0,144.83540000000002
349,0.0,145.25145000000003
350,0.0,145.66750000000002
351,0.0,146.08355000000003
352,0.0,146.49960000000002
353,0.0,146.91565000000003
354,0.0,147.3317
355,0.0,147.74775000000002
356,0.0,148.1638
357,0.0,148.57985000000002
358,0.0,148.99590000000003
359,0.0,149.41195000000002
360,0.0,149.82800000000003
361,0.0,150.24405000000002
362,0.0,150.66010000000003
363,0.0,151.07615
364,0.0,151.49220000000003
365,0.0,151.90825
366,0.0,152.32430000000002
367,0.0,152.74035000000003
368,0.0,153.15640000000002
369,0.0,153.57245000000003
370,0.0,153.98850000000002
371,0.0,154.40455000000003
372,0.0,154.8206
373,0.0,155.23665000000003
374,0.0,155.6527
375,0.0,156.06875000000002
376,0.0,156.48480000000004
377,0.0,156.90085000000002
378,0.0,157.31690000000003
379,0.0,157.73295000000002
380,0.0,158.14900000000003
381,0.0,158.56505
382,2.0579708479392156e-08,158.98110000000003
383,3.607247304208368e-08,159.39715
384,6.195116301799654e-08,159.81320000000002
385,1.0424610987749999e-07,160.22925000000004
386,1.7187277874277696e-07,160.64530000000002
387,2.7764585019248684e-07,161.06135000000003
388,4.3945268498282326e-07,161.47740000000002
389,6.815063474732032e-07,161.89345000000003
390,1.0355344114485413e-06,162.3095
391,1.5416862989930998e-06,162.72555000000003
392,2.2488699308856684e-06,163.1416
393,3.214174932922848e-06,163.55765000000002
394,4.50102607803678e-06,163.97370000000004
395,6.17575979542331e-06,164.38975000000002
396,8.302446962273383e-06,164.80580000000003
397,1.093600427318756e-05,165.22185000000002
398,1.411393392411271e-05,165.63790000000003
399,1.784737446361556e-05,166.05395000000001
400,2.2112479287977278e-05,166.47000000000003
401,2.684339176329991e-05,166.88605
402,3.1928181793719886e-05,167.30210000000002
403,3.720898580788208e-05,167.71815000000004
404,4.2487220955219475e-05,168.13420000000002
405,4.7534142640690894e-05,168.55025000000003
406,5.2106254001016386e-05,168.96630000000002
407,5.596427559651835e-05,169.38235000000003
408,5.889369031600974e-05,169.79840000000002
409,6.072443705538765e-05,170.21445000000003
410,6.134724636263437e-05,170.6305
411,6.072443705538765e-05,171.04655000000002
412,5.889369031600974e-05,171.46260000000004
413,5.596427559651835e-05,171.87865000000002
414,5.2106254001016386e-05,172.29470000000003
415,4.7534142640690894e-05,172.71075000000002
416,4.2487220955219475e-05,173.12680000000003
417,3.7229565516361474e-05,173.54285000000002
418,3.196425426676197e-05,173.95890000000003
419,2.6905342926317904e-05,174.37495
420,2.221672539785478e-05,174.79100000000003
421,1.8019247242358336e-05,175.20705000000004
422,1.4391579774305198e-05,175.62310000000002
423,1.1375456958170385e-05,176.03915000000003
424,8.983953309746587e-06,176.45520000000002
425,7.21129420687185e-06,176.87125000000003
426,6.04271237702988e-06,177.28730000000002
427,5.4630448638085165e-06,177.70335000000003
428,5.4630448638085165e-06,178.1194
429,6.04271237702988e-06,178.53545000000003
430,7.21129420687185e-06,178.95150000000004
431,8.983953309746587e-06,179.36755000000002
432,1.1375456958170385e-05,179.78360000000004
433,1.4391579774305198e-05,180.19965000000002
434,1.8019247242358336e-05,180.61570000000003
435,2.221672539785478e-05,181.03175000000002
436,2.6905342926317904e-05,181.44780000000003
437,3.196425426676197e-05,181.86385
438,3.7229565516361474e-05,182.27990000000003
439,4.2487220955219475e-05,182.69595000000004
440,4.7534142640690894e-05,183.11200000000002
441,5.2106254001016386e-05,183.52805000000004
442,5.596427559651835e-05,183.94410000000002
443,5.889369031600974e-05,184.36015000000003
444,6.072443705538765e-05,184.77620000000002
445,6.134724636263437e-05,185.19225000000003
446,6.072443705538765e-05,185.6083
447,5.889369031600974e-05,186.02435000000003
448,5.596427559651835e-05,186.4404
449,5.2106254001016386e-05,186.85645000000002
450,4.7534142640690894e-05,187.27250000000004
451,4.2487220955219475e-05,187.68855000000002
452,3.720898580788208e-05,188.10460000000003
453,3.1928181793719886e-05,188.52065000000002
454,2.684339176329991e-05,188.93670000000003
455,2.2112479287977278e-05,189.35275000000001
456,1.784737446361556e-05,189.76880000000003
457,1.411393392411271e-05,190.18485
458,1.093600427318756e-05,190.60090000000002
459,8.302446962273383e-06,191.01695000000004
460,6.17575979542331e-06,191.43300000000002
461,4.50102607803678e-06,191.84905000000003
462,3.214174932922848e-06,192.26510000000002
463,2.2488699308856684e-06,192.68115000000003
464,1.5416862989930998e-06,193.09720000000002
465,1.0355344114485413e-06,193.51325000000003
466,6.815063474732032e-07,193.9293
467,4.3945268498282326e-07,194.34535000000002
468,2.7764585019248684e-07,194.76140000000004
469,1.7187277874277696e-07,195.17745000000002
470,1.0424610987749999e-07,195.59350000000003
471,6.195116301799654e-08,196.00955000000002
472,3.607247304208368e-08,196.42560000000003
473,2.0579708479392156e-08,196.84165000000002
474,0.0,197.25770000000003
475,0.0,197.67375
476,0.0,198.08980000000003
477,0.0,198.50585000000004
478,0.0,198.92190000000002
479,0.0,199.33795000000003
480,0.0,199.75400000000002
481,0.0,200.17005000000003
482,0.0,200.58610000000002
483,0.0,201.00215000000003
484,0.0,201.4182
485,0.0,201.83425000000003
486,0.0,202.25030000000004
487,0.0,202.66635000000002
488,0.0,203.08240000000004
489,0.0,203.49845000000002
490,0.0,203.91450000000003
491,0.0,204.33055000000002
492,0.0,204.74660000000003
493,0.0,205.16265
494,0.0,205.57870000000003
495,0.0,205.99475000000004
496,0.0,206.41080000000002
497,0.0,206.82685000000004
498,0.0,207.24290000000002
499,0.0,207.65895000000003
500,0.0,208.07500000000002
501,0.0,208.49105000000003
502,0.0,208.9071
503,0.0,209.32315000000003
504,0.0,209.73920000000004
505,0.0,210.15525000000002
506,0.0,210.57130000000004
507,0.0,210.98735000000002
508,0.0,211.40340000000003
509,0.0,211.81945000000002
510,0.0,212.23550000000003
511,0.0,212.65155000000001
512,0.0,213.06760000000003
513,2.0579708479392156e-08,213.48365000000004
514,3.607247304208368e-08,213.89970000000002
515,6.195116301799654e-08,214.31575000000004
516,1.0424610987749999e-07,214.73180000000002
517,1.7187277874277696e-07,215.14785000000003
518,2.7764585019248684e-07,215.56390000000002
519,4.806121019416076e-07,215.97995000000003
520,7.536512935573706e-07,216.39600000000002
521,1.1594367374845346e-06,216.81205000000003
522,1.7501785187481e-06,217.22810000000004
523,2.592615488371222e-06,217.64415000000002
524,3.769466633307822e-06,218.06020000000004
525,5.379931448002427e-06,218.47625000000002
526,7.538772490369716e-06,218.89230000000003
527,1.0373515785170466e-05,219.30835000000002
528,1.401937687117376e-05,219.72440000000003
529,1.8611673785884046e-05,220.14045000000002
530,2.4275724329461255e-05,220.55650000000003
531,3.111453144405084e-05,220.97255000000004
532,3.9194911354146525e-05,221.38860000000003
533,4.8533075718266656e-05,221.80465000000004
534,5.908099435425721e-05,222.22070000000002
535,7.071508880344489e-05,222.63675000000003
536,8.322889156792201e-05,223.05280000000002
537,9.633121257697094e-05,223.46885000000003
538,0.00010965105912311817,223.88490000000002
539,0.00012275005390344952,224.30095000000003
540,0.0001351424086711518,224.71700000000004
541,0.00014632168827307334,225.13305000000003
542,0.00015581330204524882,225.54910000000004
543,0.0001631422707910846,225.96515000000002
544,0.00016795477795257305,226.38120000000004
545,0.00016999788074291335,226.79725000000002
546,0.00016915488953020899,227.21330000000003
547,0.0001654593595306807,227.62935000000002
548,0.0001590973126036402,228.04540000000003
549,0.00015039706877321255,228.46145000000004
550,0.00013980747736778515,228.87750000000003
551,0.00012786667358900315,229.29355000000004
552,0.000115164529675883,229.70960000000002
553,0.0001023025507674745,230.12565000000004
554,8.98550019669885e-05,230.54170000000002
555,7.833457034513646e-05,230.95775000000003
556,6.81649902842965e-05,231.37380000000002
557,5.96619889271789e-05,231.78985000000003
558,5.302285778426668e-05,232.20590000000004
559,4.832411224272665e-05,232.62195000000003
560,4.55261741333455e-05,233.03800000000004
561,4.448382009929522e-05,233.45405000000002
562,4.496120773203971e-05,233.87010000000004
563,4.6650490648938466e-05,234.28615000000002
564,4.919321667125766e-05,234.70220000000003
565,5.2203755281205005e-05,235.11825000000002
566,5.5293872708880084e-05,235.53430000000003
567,5.809729558243344e-05,235.95035000000004
568,6.029277548399823e-05,236.36640000000003
569,6.16239221338327e-05,236.78245000000004
570,6.190253806301936e-05,237.19850000000002
571,6.10681826128732e-05,237.61455000000004
572,5.910218253576473e-05,238.03060000000002
573,5.6088177922554344e-05,238.44665000000003
574,5.2178398947100555e-05,238.86270000000002
575,4.7575302057649676e-05,239.27875000000003
576,4.2487220955219475e-05,239.69480000000004
577,3.720898580788208e-05,240.11085000000003
578,3.1928181793719886e-05,240.52690000000004
579,2.684339176329991e-05,240.94295000000002
580,2.2112479287977278e-05,241.35900000000004
581,1.784737446361556e-05,241.77505000000002
582,1.411393392411271e-05,242.19110000000003
583,1.093600427318756e-05,242.60715000000002
584,8.302446962273383e-06,243.02320000000003
585,6.17575979542331e-06,243.43925000000002
586,4.50102607803678e-06,243.85530000000003
587,3.214174932922848e-06,244.27135000000004
588,2.2488699308856684e-06,244.68740000000003
589,1.5416862989930998e-06,245.10345000000004
590,1.0355344114485413e-06,245.51950000000002
591,6.815063474732032e-07,245.93555000000003
592,4.3945268498282326e-07,246.35160000000002
593,2.7764585019248684e-07,246.76765000000003
594,1.7187277874277696e-07,247.18370000000002
595,1.0424610987749999e-07,247.59975000000003
596,6.195116301799654e-08,248.01580000000004
597,3.607247304208368e-08,248.43185000000003
598,2.0579708479392156e-08,248.84790000000004
599,0.0,249.26395000000002
600,0.0,249.68000000000004
601,0.0,250.09605000000002
602,0.0,250.51210000000003
603,0.0,250.92815000000002
604,0.0,251.34420000000003
605,0.0,251.76025000000004
606,0.0,252.17630000000003
607,0.0,252.59235000000004
608,0.0,253.00840000000002
609,0.0,253.42445000000004
610,0.0,253.84050000000002
611,2.0579708479392156e-08,254.25655000000003
612,3.607247304208368e-08,254.67260000000002
613,6.195116301799654e-08,255.08865000000003
614,1.0424610987749999e-07,255.50470000000004
615,1.7187277874277696e-07,255.92075000000003
616,2.7764585019248684e-07,256.33680000000004
617,4.3945268498282326e-07,256.75285
618,6.815063474732032e-07,257.1689
619,1.0355344114485413e-06,257.58495000000005
620,1.5416862989930998e-06,258.00100000000003
621,2.2488699308856684e-06,258.41705
622,3.214174932922848e-06,258.83310000000006
623,4.50102607803678e-06,259.24915000000004
624,6.17575979542331e-06,259.6652
625,8.302446962273383e-06,260.08125
626,1.093600427318756e-05,260.49730000000005
627,1.411393392411271e-05,260.91335000000004
628,1.784737446361556e-05,261.3294
629,2.2112479287977278e-05,261.74545
630,2.684339176329991e-05,262.16150000000005
631,3.1928181793719886e-05,262.57755000000003
632,3.720898580788208e-05,262.9936
633,4.2487220955219475e-05,263.40965000000006
634,4.7534142640690894e-05,263.82570000000004
635,5.2106254001016386e-05,264.24175
636,5.596427559651835e-05,264.6578
637,5.889369031600974e-05,265.07385000000005
638,6.072443705538765e-05,265.48990000000003
639,6.134724636263437e-05,265.90595
640,6.072443705538765e-05,266.32200000000006
641,5.889369031600974e-05,266.73805000000004
642,5.596427559651835e-05,267.1541
643,5.2106254001016386e-05,267.57015
644,4.7534142640690894e-05,267.98620000000005
645,4.2487220955219475e-05,268.40225000000004
646,3.720898580788208e-05,268.8183
647,3.1928181793719886e-05,269.23435
648,2.684339176329991e-05,269.65040000000005
649,2.2112479287977278e-05,270.06645000000003
650,1.784737446361556e-05,270.4825
651,1.411393392411271e-05,270.89855000000006
652,1.093600427318756e-05,271.31460000000004
653,8.302446962273383e-06,271.73065
654,6.17575979542331e-06,272.1467
655,4.50102607803678e-06,272.56275000000005
656,3.214174932922848e-06,272.97880000000004
657,2.2488699308856684e-06,273.39485
658,1.5416862989930998e-06,273.8109
659,1.0355344114485413e-06,274.22695000000004
660,6.815063474732032e-07,274.64300000000003
661,4.3945268498282326e-07,275.05905
662,2.7764585019248684e-07,275.47510000000005
663,1.7187277874277696e-07,275.89115000000004
664,1.0424610987749999e-07,276.3072
665,6.195116301799654e-08,276.72325
666,3.607247304208368e-08,277.13930000000005
667,2.0579708479392156e-08,277.55535000000003
668,0.0,277.9714
669,0.0,278.38745000000006
670,0.0,278.80350000000004
671,0.0,279.21955
672,0.0,279.6356
673,0.0,280.05165000000005
674,0.0,280.46770000000004
675,0.0,280.88375
676,0.0,281.2998
677,0.0,281.71585000000005
678,0.0,282.13190000000003
679,0.0,282.54795
680,0.0,282.96400000000006
681,0.0,283.38005000000004
682,0.0,283.7961
683,0.0,284.21215
684,0.0,284.62820000000005
685,0.0,285.04425000000003
686,0.0,285.4603
687,0.0,285.87635000000006
688,0.0,286.29240000000004
689,0.0,286.70845
690,0.0,287.1245
691,0.0,287.54055000000005
692,0.0,287.95660000000004
693,0.0,288.37265
694,0.0,288.7887
695,0.0,289.20475000000005
696,0.0,289.62080000000003
697,0.0,290.03685
698,0.0,290.45290000000006
699,0.0,290.86895000000004
700,0.0,291.285
701,0.0,291.70105
702,0.0,292.11710000000005
703,0.0,292.53315000000003
704,0.0,292.9492
705,0.0,293.36525000000006
706,0.0,293.78130000000004
707,0.0,294.19735000000003
708,0.0,294.6134
709,0.0,295.02945000000005
710,0.0,295.44550000000004
711,0.0,295.86155
712,0.0,296.2776
713,0.0,296.69365000000005
714,0.0,297.10970000000003
715,0.0,297.52575
716,0.0,297.94180000000006
717,0.0,298.35785000000004
718,0.0,298.7739
719,0.0,299.18995
720,0.0,299.60600000000005
721,0.0,300.02205000000004
722,0.0,300.4381
723,0.0,300.85415000000006
724,0.0,301.27020000000005
725,0.0,301.68625000000003
726,0.0,302.1023
727,0.0,302.51835000000005
728,0.0,302.93440000000004
729,0.0,303.35045
730,0.0,303.7665
731,0.0,304.18255000000005
732,0.0,304.59860000000003
733,0.0,305.01465
734,0.0,305.43070000000006
735,0.0,305.84675000000004
736,0.0,306.2628
737,0.0,306.67885
738,0.0,307.09490000000005
739,0.0,307.51095000000004
740,0.0,307.927
741,0.0,308.34305000000006
742,0.0,308.75910000000005
743,0.0,309.17515000000003
744,0.0,309.5912
745,0.0,310.00725000000006
746,0.0,310.42330000000004
747,0.0,310.83935
748,0.0,311.2554
749,0.0,311.67145000000005
750,0.0,312.08750000000003
751,0.0,312.50355
752,0.0,312.91960000000006
753,0.0,313.33565000000004
754,0.0,313.7517
755,0.0,314.16775
756,0.0,314.58380000000005
757,0.0,314.99985000000004
758,0.0,315.4159
759,0.0,315.83195000000006
760,0.0,316.24800000000005
761,0.0,316.66405000000003
762,0.0,317.0801
763,0.0,317.49615000000006
764,0.0,317.91220000000004
765,0.0,318.32825
766,0.0,318.7443
767,0.0,319.16035000000005
768,0.0,319.57640000000004
769,0.0,319.99245
770,0.0,320.40850000000006
771,0.0,320.82455000000004
772,0.0,321.24060000000003
773,0.0,321.65665
774,0.0,322.07270000000005
775,0.0,322.48875000000004
776,0.0,322.9048
777,0.0,323.32085
778,0.0,323.73690000000005
779,0.0,324.15295000000003
780,0.0,324.569
781,0.0,324.98505000000006
782,0.0,325.40110000000004
783,0.0,325.81715
784,0.0,326.2332
785,0.0,326.64925000000005
786,0.0,327.06530000000004
787,0.0,327.48135
788,0.0,327.89740000000006
789,0.0,328.31345000000005
790,0.0,328.72950000000003
791,0.0,329.14555
792,0.0,329.56160000000006
793,0.0,329.97765000000004
794,0.0,330.3937
795,0.0,330.80975
796,0.0,331.22580000000005
797,0.0,331.64185000000003
798,0.0,332.0579
799,0.0,332.47395000000006
800,0.0,332.89000000000004
801,0.0,333.30605
802,0.0,333.7221
803,0.0,334.13815000000005
804,0.0,334.55420000000004
805,0.0,334.97025
806,0.0,335.38630000000006
807,0.0,335.80235000000005
808,0.0,336.21840000000003
809,0.0,336.63445
810,0.0,337.05050000000006
811,0.0,337.46655000000004
812,0.0,337.8826
813,0.0,338.29865
814,0.0,338.71470000000005
815,0.0,339.13075000000003
816,0.0,339.5468
817,0.0,339.96285000000006
818,0.0,340.37890000000004
819,0.0,340.79495000000003
820,0.0,341.211
821,0.0,341.62705000000005
822,0.0,342.04310000000004
823,0.0,342.45915
824,0.0,342.87520000000006
825,0.0,343.29125000000005
826,0.0,343.70730000000003
827,0.0,344.12335
828,0.0,344.53940000000006
829,0.0,344.95545000000004
830,0.0,345.3715
831,0.0,345.78755
832,0.0,346.20360000000005
833,0.0,346.61965000000004
834,0.0,347.0357
835,0.0,347.45175000000006
836,0.0,347.86780000000005
837,0.0,348.28385000000003
838,0.0,348.6999
839,0.0,349.11595000000005
840,0.0,349.53200000000004
841,0.0,349.94805
842,0.0,350.36410000000006
843,0.0,350.78015000000005
844,0.0,351.19620000000003
845,0.0,351.61225
846,0.0,352.02830000000006
847,0.0,352.44435000000004
848,0.0,352.8604
849,0.0,353.27645
850,0.0,353.69250000000005
851,0.0,354.10855000000004
852,0.0,354.5246
853,0.0,354.94065000000006
854,0.0,355.35670000000005
855,0.0,355.77275000000003
856,0.0,356.1888
857,0.0,356.60485000000006
858,0.0,357.02090000000004
859,0.0,357.43695
860,0.0,357.85300000000007
861,0.0,358.26905000000005
862,0.0,358.68510000000003
863,0.0,359.10115
864,0.0,359.51720000000006
865,0.0,359.93325000000004
866,0.0,360.3493
867,0.0,360.76535
868,0.0,361.18140000000005
869,0.0,361.59745000000004
870,0.0,362.0135
871,0.0,362.42955000000006
872,0.0,362.84560000000005
873,0.0,363.26165000000003
874,0.0,363.6777
875,0.0,364.09375000000006
876,0.0,364.50980000000004
877,0.0,364.92585
878,0.0,365.34190000000007
879,0.0,365.75795000000005
880,0.0,366.17400000000004
881,0.0,366.59005
882,0.0,367.00610000000006
883,0.0,367.42215000000004
884,0.0,367.83820000000003
885,0.0,368.25425
886,0.0,368.67030000000005
887,0.0,369.08635000000004
888,0.0,369.5024
889,0.0,369.91845000000006
890,0.0,370.33450000000005
891,0.0,370.75055000000003
892,0.0,371.1666
893,0.0,371.58265000000006
894,0.0,371.99870000000004
895,0.0,372.41475
896,0.0,372.8308
897,0.0,373.24685000000005
898,0.0,373.66290000000004
899,0.0,374.07895
900,0.0,374.49500000000006
901,0.0,374.91105000000005
902,0.0,375.32710000000003
903,0.0,375.74315
904,0.0,376.15920000000006
905,0.0,376.57525000000004
906,0.0,376.9913
907,0.0,377.40735000000006
908,0.0,377.82340000000005
909,0.0,378.23945000000003
910,0.0,378.6555
911,0.0,379.07155000000006
912,0.0,379.48760000000004
913,0.0,379.90365
914,0.0,380.3197
915,0.0,380.73575000000005
916,0.0,381.15180000000004
917,0.0,381.56785
918,0.0,381.98390000000006
919,0.0,382.39995000000005
920,0.0,382.81600000000003
921,0.0,383.23205
922,0.0,383.64810000000006
923,0.0,384.06415000000004
924,0.0,384.4802
925,0.0,384.89625000000007
926,0.0,385.31230000000005
927,0.0,385.72835000000003
928,0.0,386.1444
929,0.0,386.56045000000006
930,0.0,386.97650000000004
931,0.0,387.39255
932,0.0,387.8086
933,0.0,388.22465000000005
934,0.0,388.64070000000004
935,0.0,389.05675
936,0.0,389.47280000000006
937,0.0,389.88885000000005
938,0.0,390.30490000000003
939,0.0,390.72095
940,0.0,391.13700000000006
941,0.0,391.55305000000004
942,0.0,391.9691
943,0.0,392.38515000000007
944,0.0,392.80120000000005
945,0.0,393.21725000000004
946,0.0,393.6333
947,0.0,394.04935000000006
948,0.0,394.46540000000005
949,0.0,394.88145000000003
950,0.0,395.2975
951,0.0,395.71355000000005
952,0.0,396.12960000000004
953,0.0,396.54565
954,0.0,396.96170000000006
955,0.0,397.37775000000005
956,0.0,397.79380000000003
957,0.0,398.20985
958,0.0,398.62590000000006
959,0.0,399.04195000000004
960,0.0,399.458
961,0.0,399.87405000000007
962,0.0,400.29010000000005
963,0.0,400.70615000000004
964,0.0,401.1222
965,0.0,401.53825000000006
966,0.0,401.95430000000005
967,0.0,402.37035000000003
968,0.0,402.7864
969,0.0,403.20245000000006
970,0.0,403.61850000000004
971,2.0579708479392156e-08,404.03455
972,5.6652181521475845e-08,404.45060000000007
973,9.802363606008023e-08,404.86665000000005
974,1.6619727289549654e-07,405.28270000000003
975,2.76118888620277e-07,405.69875
976,4.4951862893526383e-07,406.11480000000006
977,7.170985351753102e-07,406.53085000000004
978,1.1209590324560266e-06,406.9469
979,1.7170407589217445e-06,407.36295000000007
980,2.5772207104416413e-06,407.77900000000005
981,3.7905562298787684e-06,408.19505000000004
982,5.4630448638085165e-06,408.6111
983,7.715201010959629e-06,409.02715000000006
984,1.067678587346009e-05,409.44320000000005
985,1.4478206757696693e-05,409.85925000000003
986,1.9238451235460944e-05,410.2753
987,2.504993819730027e-05,410.69135000000006
988,3.1961308387728265e-05,411.10740000000004
989,3.995985375159284e-05,411.52345
990,4.895587105127718e-05,411.93950000000007
991,5.8771573557019794e-05,412.35555000000005
992,6.913716760160196e-05,412.77160000000003
993,7.969620676310156e-05,413.18765
994,9.002136359591036e-05,413.60370000000006
995,9.964039664170727e-05,414.01975000000004
996,0.00010807052959753473,414.43580000000003
997,0.00011485796591252809,414.85185000000007
998,0.00011961812737139738,415.26790000000005
999,0.00012207168341802203,415.68395000000004
